Workbook

Sheet Compras
A1: Fecha | B1: Producto | C1: Cantidad Comprada | D1: Precio Compra | E1: Total Compra
A2: 46156 | B2: Coca Cola | C2: 8 | D2: 19000 | E2: 19000
B3: Jugo Acuarius | C3: 6 | D3: 13500 | E3: 13500
B4: pava electrica | C4: 8 | D4: 6500 | E4: =C4*D4 -> 52000
B5: nebulizador | C5: 4 | D5: 9000 | E5: =C5*D5 -> 36000
B6: bombilla de alpaca | C6: 10 | D6: 1700 | E6: =C6*D6 -> 17000
B7: termos caballitos | C7: 6 | D7: 10000 | E7: =C7*D7 -> 60000
B8: parlantes ositos | C8: 4 | D8: 9000 | E8: =C8*D8 -> 36000
B9: parlantes porta celular | C9: 4 | D9: 9000 | E9: =C9*D9 -> 36000
B10: auriculares M10 | C10: 3 | D10: 7500 | E10: =C10*D10 -> 22500
B11: Auriculares InPods | C11: 3 | D11: 8000 | E11: =C11*D11 -> 24000
B12: cables USB tipo C | C12: 4 | D12: 1000 | E12: =C12*D12 -> 4000
B13: cables USB tipo V8 | C13: 4 | D13: 800 | E13: =C13*D13 -> 3200
B14: cargador tipo C | C14: 3 | D14: 1700 | E14: =C14*D14 -> 5100
B15: cargador tipo v8 | C15: 3 | D15: 1200 | E15: =C15*D15 -> 3600
... B17: Extensor de Wifi | C17: 1 | D17: 25000 | E17: =C17*D17 -> 25000
E18: =C18*D18 -> 0
E19: =C19*D19 -> 0
E20: =C20*D20 -> 0
E21: =C21*D21 -> 0
E22: =C22*D22 -> 0
E23: =C23*D23 -> 0
E24: =C24*D24 -> 0
E25: =C25*D25 -> 0
E26: =C26*D26 -> 0
E27: =C27*D27 -> 0
E28: =C28*D28 -> 0
E29: =C29*D29 -> 0
... E100: =C100*D100 -> 0

Sheet Ventas
A1: Fecha | B1: Producto | C1: Cantidad Vendida | D1: Precio Venta | E1: Total Venta
A2: 46157 | B2: Coca Cola | C2: 8 | D2: 3200 | E2: =C2*D2 -> 25600
B3: Jugo Acuarius | C3: 6 | D3: 3000 | E3: =C3*D3 -> 18000
B4: pava electrica | C4: 5 | D4: 10000 | E4: =C4*D4 -> 50000
B5: nebulizador | C5: 1 | D5: 18000 | E5: =C5*D5 -> 18000
B6: bombilla de alpaca | C6: 1 | D6: 4000 | E6: =C6*D6 -> 4000
B7: termos caballitos | C7: 1 | D7: 16000 | E7: =C7*D7 -> 16000
B8: parlantes ositos | D8: 20000 | E8: =C8*D8 -> 0
B9: parlantes porta celular | D9: 18000 | E9: =C9*D9 -> 0
B10: auriculares M10 | D10: 13000 | E10: =C10*D10 -> 0
B11: Auriculares blancos | D11: 15000 | E11: =C11*D11 -> 0
B12: cables USB tipo C | C12: 1 | D12: 3000 | E12: =C12*D12 -> 3000
B13: cables USB tipo V8 | C13: 1 | D13: 2000 | E13: =C13*D13 -> 2000
B14: cargador tipo C | D14: 5000 | E14: =C14*D14 -> 0
B15: cargador tipo v8 | D15: 5000 | E15: =C15*D15 -> 0
B16: Adaptador Wifi | C16: 1 | D16: 20000 | E16: =C16*D16 -> 20000
B17: Extensor de Wifi | C17: 1 | D17: 35000 | E17: =C17*D17 -> 35000
E18: =C18*D18 -> 0
E19: =C19*D19 -> 0
E20: =C20*D20 -> 0
E21: =C21*D21 -> 0
E22: =C22*D22 -> 0
E23: =C23*D23 -> 0
E24: =C24*D24 -> 0
E25: =C25*D25 -> 0
E26: =C26*D26 -> 0
E27: =C27*D27 -> 0
E28: =C28*D28 -> 0
E29: =C29*D29 -> 0
... E100: =C100*D100 -> 0

Sheet Resumen
A1: Concepto | B1: Monto
A2: Total Gastado | B2: =SUM(Compras!E2:E100) -> 373900
A3: Total Vendido | B3: =SUM(Ventas!E2:E100) -> 191600
A4: Ganancia Total | B4: =B3-B2 -> -182300

Sheet Stock
A1: Producto | B1: Comprado | C1: Vendido | D1: Stock Actual
A2: Coca Cola | B2: 8 | C2: 5 | D2: =B2-C2 -> 3
A3: Jugo Acuarius | B3: 6 | C3: 3 | D3: =B3-C3 -> 3
A4: pava electrica | B4: =SUMIF(Compras!B:B,A4,Compras!C:C) -> 8 | C4: =SUMIF(Ventas!B:B,A4,Ventas!C:C) -> 5 | D4: =B4-C4 -> 3
A5: nebulizador | B5: =SUMIF(Compras!B:B,A5,Compras!C:C) -> 4 | C5: =SUMIF(Ventas!B:B,A5,Ventas!C:C) -> 1 | D5: =B5-C5 -> 3
A6: bombilla de alpaca | B6: =SUMIF(Compras!B:B,A6,Compras!C:C) -> 10 | C6: =SUMIF(Ventas!B:B,A6,Ventas!C:C) -> 1 | D6: =B6-C6 -> 9
A7: termos caballitos | B7: =SUMIF(Compras!B:B,A7,Compras!C:C) -> 6 | C7: =SUMIF(Ventas!B:B,A7,Ventas!C:C) -> 1 | D7: =B7-C7 -> 5
A8: parlantes ositos | B8: =SUMIF(Compras!B:B,A8,Compras!C:C) -> 4 | C8: =SUMIF(Ventas!B:B,A8,Ventas!C:C) -> 0 | D8: =B8-C8 -> 4
A9: parlantes porta celular | B9: =SUMIF(Compras!B:B,A9,Compras!C:C) -> 4 | C9: =SUMIF(Ventas!B:B,A9,Ventas!C:C) -> 0 | D9: =B9-C9 -> 4
A10: auriculares M10 | B10: =SUMIF(Compras!B:B,A10,Compras!C:C) -> 3 | C10: =SUMIF(Ventas!B:B,A10,Ventas!C:C) -> 0 | D10: =B10-C10 -> 3
A11: Auriculares blancos | B11: =SUMIF(Compras!B:B,A11,Compras!C:C) -> 0 | C11: =SUMIF(Ventas!B:B,A11,Ventas!C:C) -> 0 | D11: =B11-C11 -> 0
A12: cables USB tipo C | B12: =SUMIF(Compras!B:B,A12,Compras!C:C) -> 4 | C12: =SUMIF(Ventas!B:B,A12,Ventas!C:C) -> 1 | D12: =B12-C12 -> 3
A13: cables USB tipo V8 | B13: =SUMIF(Compras!B:B,A13,Compras!C:C) -> 4 | C13: =SUMIF(Ventas!B:B,A13,Ventas!C:C) -> 1 | D13: =B13-C13 -> 3
A14: cargador tipo C | B14: =SUMIF(Compras!B:B,A14,Compras!C:C) -> 3 | C14: =SUMIF(Ventas!B:B,A14,Ventas!C:C) -> 0 | D14: =B14-C14 -> 3
A15: cargador tipo v8 | B15: =SUMIF(Compras!B:B,A15,Compras!C:C) -> 3 | C15: =SUMIF(Ventas!B:B,A15,Ventas!C:C) -> 0 | D15: =B15-C15 -> 3
... A17: Extensor de Wifi | B17: =SUMIF(Compras!B:B,A17,Compras!C:C) -> 1 | C17: =SUMIF(Ventas!B:B,A17,Ventas!C:C) -> 1 | D17: =B17-C17 -> 0
B18: =SUMIF(Compras!B:B,A18,Compras!C:C) -> 0 | C18: =SUMIF(Ventas!B:B,A18,Ventas!C:C) -> 0 | D18: =B18-C18 -> 0
B19: =SUMIF(Compras!B:B,A19,Compras!C:C) -> 0 | C19: =SUMIF(Ventas!B:B,A19,Ventas!C:C) -> 0 | D19: =B19-C19 -> 0
B20: =SUMIF(Compras!B:B,A20,Compras!C:C) -> 0 | C20: =SUMIF(Ventas!B:B,A20,Ventas!C:C) -> 0 | D20: =B20-C20 -> 0
B21: =SUMIF(Compras!B:B,A21,Compras!C:C) -> 0 | C21: =SUMIF(Ventas!B:B,A21,Ventas!C:C) -> 0 | D21: =B21-C21 -> 0
B22: =SUMIF(Compras!B:B,A22,Compras!C:C) -> 0 | C22: =SUMIF(Ventas!B:B,A22,Ventas!C:C) -> 0 | D22: =B22-C22 -> 0
B23: =SUMIF(Compras!B:B,A23,Compras!C:C) -> 0 | C23: =SUMIF(Ventas!B:B,A23,Ventas!C:C) -> 0 | D23: =B23-C23 -> 0
B24: =SUMIF(Compras!B:B,A24,Compras!C:C) -> 0 | C24: =SUMIF(Ventas!B:B,A24,Ventas!C:C) -> 0 | D24: =B24-C24 -> 0
B25: =SUMIF(Compras!B:B,A25,Compras!C:C) -> 0 | C25: =SUMIF(Ventas!B:B,A25,Ventas!C:C) -> 0 | D25: =B25-C25 -> 0
B26: =SUMIF(Compras!B:B,A26,Compras!C:C) -> 0 | C26: =SUMIF(Ventas!B:B,A26,Ventas!C:C) -> 0 | D26: =B26-C26 -> 0
B27: =SUMIF(Compras!B:B,A27,Compras!C:C) -> 0 | C27: =SUMIF(Ventas!B:B,A27,Ventas!C:C) -> 0 | D27: =B27-C27 -> 0
B28: =SUMIF(Compras!B:B,A28,Compras!C:C) -> 0 | C28: =SUMIF(Ventas!B:B,A28,Ventas!C:C) -> 0 | D28: =B28-C28 -> 0
B29: =SUMIF(Compras!B:B,A29,Compras!C:C) -> 0 | C29: =SUMIF(Ventas!B:B,A29,Ventas!C:C) -> 0 | D29: =B29-C29 -> 0
... B50: =SUMIF(Compras!B:B,A50,Compras!C:C) -> 0 | C50: =SUMIF(Ventas!B:B,A50,Ventas!C:C) -> 0 | D50: =B50-C50 -> 0

Sheet Instrucciones
A1: BASE DE DATOS DE VENTAS Y COMPRAS
A3: 1. Cargar las compras en la hoja 'Compras'.
A4: 2. Cargar las ventas en la hoja 'Ventas'.
A5: 3. El sistema calcula automáticamente ganancias y stock.
A6: 4. Ver resultados en la hoja 'Resumen'.
A7: 5. En la hoja 'Stock' escriba solo el nombre del producto.
